{
    "AAVEUSDT": {
        "total_trades": 1161,
        "total_profit": 250000.00000000023,
        "sum_R": 50.000000000000014,
        "average_rr_unweighted": 0.04306632213608959,
        "win_rate": 50.215331610680444
    },
    "ADAUSDT": {
        "total_trades": 1138,
        "total_profit": -1499999.9999999998,
        "sum_R": 10.000000000000007,
        "average_rr_unweighted": 0.00878734622144113,
        "win_rate": 48.68189806678383
    },
    "ALGOUSDT": {
        "total_trades": 1138,
        "total_profit": 2300000.0,
        "sum_R": 96.0,
        "average_rr_unweighted": 0.0843585237258348,
        "win_rate": 52.02108963093146
    },
    "ANIMEUSDT": {
        "total_trades": 414,
        "total_profit": 300000.0,
        "sum_R": 26.0,
        "average_rr_unweighted": 0.06280193236714976,
        "win_rate": 50.72463768115942
    },
    "APTUSDT": {
        "total_trades": 1195,
        "total_profit": 2150000.0,
        "sum_R": 98.5,
        "average_rr_unweighted": 0.08242677824267783,
        "win_rate": 51.79916317991632
    },
    "ASRUSDT": {
        "total_trades": 180,
        "total_profit": -625000.0,
        "sum_R": -4.5,
        "average_rr_unweighted": -0.025,
        "win_rate": 46.666666666666664
    },
    "AVAXUSDT": {
        "total_trades": 1106,
        "total_profit": 2700000.0,
        "sum_R": 102.99999999999999,
        "average_rr_unweighted": 0.09312839059674502,
        "win_rate": 52.44122965641953
    },
    "BAKEUSDT": {
        "total_trades": 1194,
        "total_profit": -600000.0000000008,
        "sum_R": 30.49999999999997,
        "average_rr_unweighted": 0.02554438860971522,
        "win_rate": 49.497487437185924
    },
    "BCHUSDT": {
        "total_trades": 1074,
        "total_profit": 800000.0000000008,
        "sum_R": 59.50000000000003,
        "average_rr_unweighted": 0.05540037243947861,
        "win_rate": 50.74487895716946
    },
    "BNBUSDT": {
        "total_trades": 873,
        "total_profit": -150000.0,
        "sum_R": 29.500000000000007,
        "average_rr_unweighted": 0.03379152348224514,
        "win_rate": 49.828178694158076
    },
    "BTCUSDT": {
        "total_trades": 801,
        "total_profit": -850000.0000000001,
        "sum_R": 14.5,
        "average_rr_unweighted": 0.018102372034956304,
        "win_rate": 48.93882646691635
    },
    "CHZUSDT": {
        "total_trades": 1116,
        "total_profit": -1400000.0000000002,
        "sum_R": 21.499999999999986,
        "average_rr_unweighted": 0.019265232974910382,
        "win_rate": 48.74551971326165
    },
    "COMPUSDT": {
        "total_trades": 1039,
        "total_profit": -4050000.0,
        "sum_R": -43.0,
        "average_rr_unweighted": -0.04138594802694899,
        "win_rate": 46.102021174205966
    },
    "DEGENUSDT": {
        "total_trades": 635,
        "total_profit": -250000.0,
        "sum_R": 22.500000000000014,
        "average_rr_unweighted": 0.03543307086614175,
        "win_rate": 49.60629921259843
    },
    "DENTUSDT": {
        "total_trades": 1079,
        "total_profit": 1150000.0,
        "sum_R": 61.5,
        "average_rr_unweighted": 0.056997219647822055,
        "win_rate": 51.06580166821131
    },
    "DEXEUSDT": {
        "total_trades": 410,
        "total_profit": -200000.0,
        "sum_R": 14.999999999999996,
        "average_rr_unweighted": 0.03658536585365853,
        "win_rate": 49.51219512195122
    },
    "DOTUSDT": {
        "total_trades": 1118,
        "total_profit": -499999.99999999953,
        "sum_R": 30.000000000000007,
        "average_rr_unweighted": 0.02683363148479428,
        "win_rate": 49.55277280858677
    },
    "ENAUSDT": {
        "total_trades": 993,
        "total_profit": 650000.0000000005,
        "sum_R": 53.50000000000001,
        "average_rr_unweighted": 0.05387713997985902,
        "win_rate": 50.65458207452165
    },
    "ETHUSDT": {
        "total_trades": 946,
        "total_profit": 2700000.0000000005,
        "sum_R": 95.00000000000003,
        "average_rr_unweighted": 0.10042283298097254,
        "win_rate": 52.85412262156448
    },
    "FILUSDT": {
        "total_trades": 1095,
        "total_profit": 3449999.9999999995,
        "sum_R": 111.5,
        "average_rr_unweighted": 0.10182648401826484,
        "win_rate": 53.15068493150685
    },
    "FISUSDT": {
        "total_trades": 187,
        "total_profit": 750000.0,
        "sum_R": 24.0,
        "average_rr_unweighted": 0.12834224598930483,
        "win_rate": 54.01069518716578
    },
    "GASUSDT": {
        "total_trades": 635,
        "total_profit": 1349999.9999999995,
        "sum_R": 53.0,
        "average_rr_unweighted": 0.08346456692913386,
        "win_rate": 52.125984251968504
    },
    "HBARUSDT": {
        "total_trades": 1102,
        "total_profit": 3700000.0,
        "sum_R": 120.0,
        "average_rr_unweighted": 0.1088929219600726,
        "win_rate": 53.35753176043557
    },
    "HIFIUSDT": {
        "total_trades": 838,
        "total_profit": -1599999.9999999993,
        "sum_R": -2.499999999999978,
        "average_rr_unweighted": -0.0029832935560858923,
        "win_rate": 48.09069212410501
    },
    "HYPEUSDT": {
        "total_trades": 473,
        "total_profit": -1350000.0,
        "sum_R": -6.5,
        "average_rr_unweighted": -0.013742071881606765,
        "win_rate": 47.14587737843552
    },
    "IOTAUSDT": {
        "total_trades": 1158,
        "total_profit": -100000.00000000047,
        "sum_R": 41.499999999999986,
        "average_rr_unweighted": 0.03583765112262521,
        "win_rate": 49.91364421416235
    },
    "KAVAUSDT": {
        "total_trades": 1017,
        "total_profit": -1950000.0,
        "sum_R": -3.5,
        "average_rr_unweighted": -0.00344149459193707,
        "win_rate": 48.08259587020649
    },
    "KERNELUSDT": {
        "total_trades": 256,
        "total_profit": 700000.0,
        "sum_R": 26.999999999999996,
        "average_rr_unweighted": 0.10546874999999999,
        "win_rate": 52.734375
    },
    "KNCUSDT": {
        "total_trades": 1087,
        "total_profit": 2625000.0,
        "sum_R": 93.5,
        "average_rr_unweighted": 0.08601655933762649,
        "win_rate": 52.43790248390064
    },
    "LINKUSDT": {
        "total_trades": 1143,
        "total_profit": -149999.99999999977,
        "sum_R": 41.50000000000001,
        "average_rr_unweighted": 0.03630796150481191,
        "win_rate": 49.86876640419948
    },
    "LSKUSDT": {
        "total_trades": 842,
        "total_profit": 3300000.0,
        "sum_R": 105.00000000000001,
        "average_rr_unweighted": 0.12470308788598576,
        "win_rate": 53.919239904988125
    },
    "LTCUSDT": {
        "total_trades": 1078,
        "total_profit": 400000.0000000007,
        "sum_R": 49.500000000000036,
        "average_rr_unweighted": 0.045918367346938806,
        "win_rate": 50.37105751391465
    },
    "LUNAUSDT": {
        "total_trades": 1113,
        "total_profit": -1550000.0000000002,
        "sum_R": 12.499999999999996,
        "average_rr_unweighted": 0.011230907457322548,
        "win_rate": 48.607367475292
    },
    "MAGICUSDT": {
        "total_trades": 1184,
        "total_profit": -399999.9999999993,
        "sum_R": 37.00000000000002,
        "average_rr_unweighted": 0.03125000000000002,
        "win_rate": 49.66216216216216
    },
    "MANAUSDT": {
        "total_trades": 1097,
        "total_profit": 949999.9999999998,
        "sum_R": 63.49999999999999,
        "average_rr_unweighted": 0.05788514129443938,
        "win_rate": 50.86599817684594
    },
    "MBOXUSDT": {
        "total_trades": 690,
        "total_profit": -599999.9999999993,
        "sum_R": 14.500000000000025,
        "average_rr_unweighted": 0.021014492753623226,
        "win_rate": 49.130434782608695
    },
    "MKRUSDT": {
        "total_trades": 1054,
        "total_profit": 1200000.0000000007,
        "sum_R": 69.5,
        "average_rr_unweighted": 0.0659392789373814,