{
    "ASRUSDT": {
        "total_trades": 184,
        "total_profit": 175000.0,
        "sum_R": 13.0,
        "average_rr_unweighted": 0.07065217391304347,
        "win_rate": 51.08695652173913
    },
    "ANIMEUSDT": {
        "total_trades": 427,
        "total_profit": 2650000.0000000005,
        "sum_R": 73.00000000000001,
        "average_rr_unweighted": 0.17096018735363,
        "win_rate": 56.20608899297424
    },
    "AVAXUSDT": {
        "total_trades": 1153,
        "total_profit": 5950000.0,
        "sum_R": 173.0,
        "average_rr_unweighted": 0.15004336513443192,
        "win_rate": 55.160450997398094
    },
    "APTUSDT": {
        "total_trades": 1193,
        "total_profit": 6950000.0,
        "sum_R": 193.5,
        "average_rr_unweighted": 0.16219614417435038,
        "win_rate": 55.825649622799666
    },
    "BAKEUSDT": {
        "total_trades": 1273,
        "total_profit": 2750000.000000002,
        "sum_R": 101.50000000000003,
        "average_rr_unweighted": 0.07973291437549099,
        "win_rate": 52.160251374705425
    },
    "BCHUSDT": {
        "total_trades": 1166,
        "total_profit": 4099999.9999999995,
        "sum_R": 126.0,
        "average_rr_unweighted": 0.10806174957118353,
        "win_rate": 53.516295025728986
    },
    "BNBUSDT": {
        "total_trades": 906,
        "total_profit": 2399999.999999999,
        "sum_R": 83.99999999999997,
        "average_rr_unweighted": 0.09271523178807944,
        "win_rate": 52.64900662251656
    },
    "ADAUSDT": {
        "total_trades": 1199,
        "total_profit": 3150000.0,
        "sum_R": 108.0,
        "average_rr_unweighted": 0.09007506255212677,
        "win_rate": 52.627189324437026
    },
    "ALGOUSDT": {
        "total_trades": 1258,
        "total_profit": 6600000.0,
        "sum_R": 187.0,
        "average_rr_unweighted": 0.14864864864864866,
        "win_rate": 55.246422893481714
    },
    "AAVEUSDT": {
        "total_trades": 1238,
        "total_profit": 6099999.999999999,
        "sum_R": 173.0,
        "average_rr_unweighted": 0.13974151857835218,
        "win_rate": 54.92730210016155
    },
    "BTCUSDT": {
        "total_trades": 800,
        "total_profit": 4300000.0,
        "sum_R": 120.5,
        "average_rr_unweighted": 0.150625,
        "win_rate": 55.375
    },
    "CHZUSDT": {
        "total_trades": 1186,
        "total_profit": 5100000.0,
        "sum_R": 153.0,
        "average_rr_unweighted": 0.12900505902192244,
        "win_rate": 54.300168634064086
    },
    "FISUSDT": {
        "total_trades": 221,
        "total_profit": 550000.0,
        "sum_R": 19.5,
        "average_rr_unweighted": 0.08823529411764706,
        "win_rate": 52.488687782805435
    },
    "DEXEUSDT": {
        "total_trades": 430,
        "total_profit": 1899999.9999999995,
        "sum_R": 57.999999999999986,
        "average_rr_unweighted": 0.13488372093023251,
        "win_rate": 54.418604651162795
    },
    "DEGENUSDT": {
        "total_trades": 655,
        "total_profit": 2450000.000000001,
        "sum_R": 79.50000000000001,
        "average_rr_unweighted": 0.12137404580152673,
        "win_rate": 53.74045801526718
    },
    "ENAUSDT": {
        "total_trades": 1035,
        "total_profit": 4650000.0,
        "sum_R": 135.0,
        "average_rr_unweighted": 0.13043478260869565,
        "win_rate": 54.492753623188406
    },
    "HYPEUSDT": {
        "total_trades": 506,
        "total_profit": 800000.0000000002,
        "sum_R": 40.50000000000001,
        "average_rr_unweighted": 0.08003952569169961,
        "win_rate": 51.581027667984195
    },
    "GASUSDT": {
        "total_trades": 636,
        "total_profit": 3000000.0,
        "sum_R": 87.49999999999999,
        "average_rr_unweighted": 0.13757861635220123,
        "win_rate": 54.71698113207547
    },
    "COMPUSDT": {
        "total_trades": 1141,
        "total_profit": 1950000.0,
        "sum_R": 82.5,
        "average_rr_unweighted": 0.07230499561787905,
        "win_rate": 51.70902716914987
    },
    "DENTUSDT": {
        "total_trades": 1145,
        "total_profit": 8050000.0,
        "sum_R": 208.5,
        "average_rr_unweighted": 0.18209606986899562,
        "win_rate": 57.03056768558952
    },
    "DOTUSDT": {
        "total_trades": 1181,
        "total_profit": 5850000.0,
        "sum_R": 156.5,
        "average_rr_unweighted": 0.13251481795088907,
        "win_rate": 54.95342929720576
    },
    "ETHUSDT": {
        "total_trades": 991,
        "total_profit": 5150000.0,
        "sum_R": 152.0,
        "average_rr_unweighted": 0.15338042381432895,
        "win_rate": 55.196770938446015
    },
    "FILUSDT": {
        "total_trades": 1214,
        "total_profit": 10500000.0,
        "sum_R": 255.5,
        "average_rr_unweighted": 0.21046128500823724,
        "win_rate": 58.6490939044481
    },
    "KERNELUSDT": {
        "total_trades": 253,
        "total_profit": 1650000.0,
        "sum_R": 46.0,
        "average_rr_unweighted": 0.18181818181818182,
        "win_rate": 56.52173913043478
    },
    "HIFIUSDT": {
        "total_trades": 931,
        "total_profit": 2550000.0,
        "sum_R": 84.49999999999999,
        "average_rr_unweighted": 0.0907626208378088,
        "win_rate": 52.7389903329753
    },
    "HBARUSDT": {
        "total_trades": 1145,
        "total_profit": 7250000.0,
        "sum_R": 193.0,
        "average_rr_unweighted": 0.1685589519650655,
        "win_rate": 56.33187772925764
    },
    "LSKUSDT": {
        "total_trades": 941,
        "total_profit": 9350000.0,
        "sum_R": 235.0,
        "average_rr_unweighted": 0.24973432518597238,
        "win_rate": 59.93623804463337
    },
    "IOTAUSDT": {
        "total_trades": 1269,
        "total_profit": 6950000.0,
        "sum_R": 190.0,
        "average_rr_unweighted": 0.14972419227738376,
        "win_rate": 55.47675334909378
    },
    "KAVAUSDT": {
        "total_trades": 1082,
        "total_profit": 3399999.999999999,
        "sum_R": 110.49999999999997,
        "average_rr_unweighted": 0.10212569316081328,
        "win_rate": 53.14232902033271
    },
    "MBOXUSDT": {
        "total_trades": 744,
        "total_profit": 3800000.000000001,
        "sum_R": 106.50000000000003,
        "average_rr_unweighted": 0.14314516129032262,
        "win_rate": 55.107526881720425
    },
    "KNCUSDT": {
        "total_trades": 1168,
        "total_profit": 5900000.0,
        "sum_R": 160.5,
        "average_rr_unweighted": 0.13741438356164384,
        "win_rate": 55.0513698630137
    },
    "LINKUSDT": {
        "total_trades": 1178,
        "total_profit": 4500000.0,
        "sum_R": 141.0,
        "average_rr_unweighted": 0.11969439728353141,
        "win_rate": 53.82003395585738
    },
    "LUNAUSDT": {
        "total_trades": 1232,
        "total_profit": 5000000.0,
        "sum_R": 155.0,
        "average_rr_unweighted": 0.12581168831168832,
        "win_rate": 54.05844155844156
    },
    "LTCUSDT": {
        "total_trades": 1119,
        "total_profit": 5250000.0,
        "sum_R": 155.0,
        "average_rr_unweighted": 0.1385165326184093,
        "win_rate": 54.6916890080429
    },
    "MAGICUSDT": {
        "total_trades": 1243,
        "total_profit": 7450000.0,
        "sum_R": 202.0,
        "average_rr_unweighted": 0.16251005631536605,
        "win_rate": 55.99356395816572
    },
    "NILUSDT": {
        "total_trades": 293,
        "total_profit": 1450000.0000000002,
        "sum_R": 41.500000000000014,
        "average_rr_unweighted": 0.14163822525597275,
        "win_rate": 54.94880546075085
    },
    "MANAUSDT": {
        "total_trades": 1213,
        "total_profit": 5050000.0,
        "sum_R": 145.5,
        "average_rr_unweighted": 0.11995053586150041,
        "win_rate": 54.16323165704864
    },
    "NMRUSDT": {
        "total_trades": 244,
        "total_profit": 1200000.0,
        "sum_R": 35.499999999999986,
        "average_rr_unweighted": 0.14549180327868846,