{
    "AAVEUSDT": {
        "total_trades": 50,
        "total_profit": 1771271.782155179,
        "average_rr": 1.0400000000000003,
        "win_rate": 72.0
    },
    "ADAUSDT": {
        "total_trades": 40,
        "total_profit": -56549.39809549716,
        "average_rr": 0.4,
        "win_rate": 50.0
    },
    "ALGOUSDT": {
        "total_trades": 43,
        "total_profit": 331477.15795824275,
        "average_rr": 0.627906976744186,
        "win_rate": 58.139534883720934
    },
    "ANIMEUSDT": {
        "total_trades": 43,
        "total_profit": -110219.94421133972,
        "average_rr": 0.3953488372093023,
        "win_rate": 48.837209302325576
    },
    "APTUSDT": {
        "total_trades": 53,
        "total_profit": 92416.48641574023,
        "average_rr": 0.3962264150943398,
        "win_rate": 52.83018867924528
    },
    "ASRUSDT": {
        "total_trades": 16,
        "total_profit": -203081.13387371766,
        "average_rr": 0.125,
        "win_rate": 37.5
    },
    "AVAXUSDT": {
        "total_trades": 46,
        "total_profit": -148535.8317811863,
        "average_rr": 0.30434782608695654,
        "win_rate": 47.82608695652174
    },
    "BAKEUSDT": {
        "total_trades": 109,
        "total_profit": 332431.98711347615,
        "average_rr": 0.5229357798165137,
        "win_rate": 54.12844036697248
    },
    "BCHUSDT": {
        "total_trades": 153,
        "total_profit": 46499.31860452873,
        "average_rr": 0.4117647058823529,
        "win_rate": 51.633986928104584
    },
    "BNBUSDT": {
        "total_trades": 24,
        "total_profit": -280780.72332103027,
        "average_rr": 0.0,
        "win_rate": 37.5
    },
    "BTCUSDT": {
        "total_trades": 31,
        "total_profit": 370800.1314184375,
        "average_rr": 0.6129032258064516,
        "win_rate": 61.29032258064516
    },
    "CHZUSDT": {
        "total_trades": 34,
        "total_profit": 283445.8030850389,
        "average_rr": 0.6470588235294118,
        "win_rate": 58.82352941176471
    },
    "COMPUSDT": {
        "total_trades": 120,
        "total_profit": -42032.657308081485,
        "average_rr": 0.35,
        "win_rate": 50.83333333333333
    },
    "DEGENUSDT": {
        "total_trades": 50,
        "total_profit": 141575.22830444833,
        "average_rr": 0.48,
        "win_rate": 54.0
    },
    "DENTUSDT": {
        "total_trades": 42,
        "total_profit": -220288.75875660934,
        "average_rr": 0.19047619047619047,
        "win_rate": 45.23809523809524
    },
    "DEXEUSDT": {
        "total_trades": 50,
        "total_profit": -49659.428955424046,
        "average_rr": 0.28,
        "win_rate": 50.0
    },
    "DOTUSDT": {
        "total_trades": 135,
        "total_profit": -184617.4446252098,
        "average_rr": 0.3037037037037037,
        "win_rate": 49.629629629629626
    },
    "ENAUSDT": {
        "total_trades": 40,
        "total_profit": -158732.6081321311,
        "average_rr": 0.25,
        "win_rate": 47.5
    },
    "ETHUSDT": {
        "total_trades": 29,
        "total_profit": -439417.6115066985,
        "average_rr": -0.2413793103448276,
        "win_rate": 31.03448275862069
    },
    "FILUSDT": {
        "total_trades": 37,
        "total_profit": -383359.37265736825,
        "average_rr": -0.08108108108108109,
        "win_rate": 37.83783783783784
    },
    "FISUSDT": {
        "total_trades": 35,
        "total_profit": 37423.75,
        "average_rr": 0.14285714285714285,
        "win_rate": 51.42857142857142
    },
    "GASUSDT": {
        "total_trades": 81,
        "total_profit": 432999.67764819454,
        "average_rr": 0.45679012345678993,
        "win_rate": 55.55555555555556
    },
    "HBARUSDT": {
        "total_trades": 52,
        "total_profit": 274140.82101267244,
        "average_rr": 0.46153846153846156,
        "win_rate": 55.769230769230774
    },
    "HIFIUSDT": {
        "total_trades": 79,
        "total_profit": -123074.985956093,
        "average_rr": 0.2658227848101265,
        "win_rate": 49.36708860759494
    },
    "HYPEUSDT": {
        "total_trades": 51,
        "total_profit": -447516.5905280561,
        "average_rr": -0.058823529411764705,
        "win_rate": 39.21568627450981
    },
    "IOTAUSDT": {
        "total_trades": 40,
        "total_profit": 274140.8210126725,
        "average_rr": 0.6,
        "win_rate": 57.49999999999999
    },
    "KAVAUSDT": {
        "total_trades": 130,
        "total_profit": 721975.7201804622,
        "average_rr": 0.4769230769230769,
        "win_rate": 55.38461538461539
    },
    "KERNELUSDT": {
        "total_trades": 21,
        "total_profit": -70513.05889921877,
        "average_rr": 0.23809523809523808,
        "win_rate": 47.61904761904761
    },
    "KNCUSDT": {
        "total_trades": 52,
        "total_profit": 564310.674120269,
        "average_rr": 0.5384615384615384,
        "win_rate": 59.61538461538461
    },
    "LINKUSDT": {
        "total_trades": 55,
        "total_profit": -185201.75290065672,
        "average_rr": 0.2,
        "win_rate": 47.27272727272727
    },
    "LSKUSDT": {
        "total_trades": 27,
        "total_profit": 15022.976855580637,
        "average_rr": 0.4074074074074074,
        "win_rate": 51.85185185185185
    },
    "LTCUSDT": {
        "total_trades": 34,
        "total_profit": -42719.142740291136,
        "average_rr": 0.35294117647058826,
        "win_rate": 50.0
    },
    "LUNAUSDT": {
        "total_trades": 32,
        "total_profit": -471307.74213211116,
        "average_rr": -0.1875,
        "win_rate": 31.25
    },
    "MAGICUSDT": {
        "total_trades": 118,
        "total_profit": -470928.60623861034,
        "average_rr": 0.2033898305084746,
        "win_rate": 45.76271186440678
    },
    "MANAUSDT": {
        "total_trades": 51,
        "total_profit": -14094.121009794158,
        "average_rr": 0.37254901960784353,
        "win_rate": 50.98039215686274
    },
    "MBOXUSDT": {
        "total_trades": 36,
        "total_profit": -214594.56938464777,
        "average_rr": 0.16666666666666702,
        "win_rate": 44.44444444444444
    },
    "MKRUSDT": {
        "total_trades": 33,
        "total_profit": -173257.44145752423,
        "average_rr": 0.21212121212121213,
        "win_rate": 45.45454545454545
    },
    "NEARUSDT": {
        "total_trades": 39,
        "total_profit": 358.49583639569755,
        "average_rr": 0.38461538461538464,
        "win_rate": 51.28205128205128
    },
    "NEOUSDT": {
        "total_trades": 40,
        "total_profit": 541710.3934253337,
        "average_rr": 0.8,
        "win_rate": 62.5
    },
    "NILUSDT": {
        "total_trades": 15,
        "total_profit": 132892.67059375002,
        "average_rr": 0.7333333333333333,
        "win_rate": 60.0
    },
    "NKNUSDT": {
        "total_trades": 38,
        "total_profit": -49659.42895542433,
        "average_rr": 0.3684210526315786,
        "win_rate": 50.0
    },
    "NMRUSDT": {
        "total_trades": 28,
        "total_profit": 432486.1373322673,
        "average_rr": 0.7857142857142857,
        "win_rate": 64.28571428571429
    },
    "OGNUSDT": {
        "total_trades": 99,
        "total_profit": 141984.4782707279,
        "average_rr": 0.3939393939393939,
        "win_rate": 52.52525252525253
    },
    "ONDOUSDT": {
        "total_trades": 50,
        "total_profit": 264903.3000603306,
        "average_rr": 0.52,
        "win_rate": 56.00000000000001
    },
    "OPUSDT": {
        "total_trades": 51,
        "total_profit": -269975.90877339453,
        "average_rr": 0.21568627450980393,
        "win_rate": 45.09803921568628
    },
    "ORCAUSDT": {
        "total_trades": 39,
        "total_profit": -179251.3250069571,
        "average_rr": 0.23076923076923078,
        "win_rate": 46.15384615384615
    },
    "PENGUUSDT": {
        "total_trades": 67,
        "total_profit": 175711.0991613603,
        "average_rr": 0.4626865671641791,
        "win_rate": 53.73134328358209
    },