{
    "AAVEUSDT": {
        "total_trades": 140,
        "total_profit": 1800000.0000000005,
        "average_rr": 0.3214285714285715,
        "win_rate": 62.857142857142854
    },
    "ADAUSDT": {
        "total_trades": 121,
        "total_profit": -350000.0,
        "average_rr": -0.024793388429752067,
        "win_rate": 47.107438016528924
    },
    "ALGOUSDT": {
        "total_trades": 100,
        "total_profit": 99999.99999999988,
        "average_rr": 0.06500000000000004,
        "win_rate": 51.0
    },
    "ANIMEUSDT": {
        "total_trades": 43,
        "total_profit": -50000.0,
        "average_rr": 0.03488372093023256,
        "win_rate": 48.837209302325576
    },
    "APTUSDT": {
        "total_trades": 165,
        "total_profit": 550000.0000000002,
        "average_rr": 0.1151515151515152,
        "win_rate": 53.333333333333336
    },
    "ASRUSDT": {
        "total_trades": 16,
        "total_profit": -200000.0,
        "average_rr": -0.21875,
        "win_rate": 37.5
    },
    "AVAXUSDT": {
        "total_trades": 125,
        "total_profit": 50000.00000000003,
        "average_rr": 0.048,
        "win_rate": 50.4
    },
    "BAKEUSDT": {
        "total_trades": 109,
        "total_profit": 450000.0,
        "average_rr": 0.12385321100917432,
        "win_rate": 54.12844036697248
    },
    "BCHUSDT": {
        "total_trades": 153,
        "total_profit": 249999.99999999997,
        "average_rr": 0.0620915032679739,
        "win_rate": 51.633986928104584
    },
    "BNBUSDT": {
        "total_trades": 98,
        "total_profit": 300000.0,
        "average_rr": 0.10204081632653061,
        "win_rate": 53.06122448979592
    },
    "BTCUSDT": {
        "total_trades": 98,
        "total_profit": 800000.0,
        "average_rr": 0.22448979591836735,
        "win_rate": 58.16326530612245
    },
    "CHZUSDT": {
        "total_trades": 126,
        "total_profit": 300000.0,
        "average_rr": 0.0873015873015873,
        "win_rate": 52.38095238095239
    },
    "COMPUSDT": {
        "total_trades": 120,
        "total_profit": 100000.0,
        "average_rr": 0.05416666666666667,
        "win_rate": 50.83333333333333
    },
    "DEGENUSDT": {
        "total_trades": 65,
        "total_profit": 350000.0,
        "average_rr": 0.17692307692307693,
        "win_rate": 55.38461538461539
    },
    "DENTUSDT": {
        "total_trades": 116,
        "total_profit": -800000.0,
        "average_rr": -0.125,
        "win_rate": 43.103448275862064
    },
    "DEXEUSDT": {
        "total_trades": 50,
        "total_profit": 0.0,
        "average_rr": 0.03,
        "win_rate": 50.0
    },
    "DOTUSDT": {
        "total_trades": 135,
        "total_profit": -49999.99999999999,
        "average_rr": 0.03333333333333333,
        "win_rate": 49.629629629629626
    },
    "ENAUSDT": {
        "total_trades": 93,
        "total_profit": 50000.0,
        "average_rr": 0.03763440860215054,
        "win_rate": 50.53763440860215
    },
    "ETHUSDT": {
        "total_trades": 102,
        "total_profit": 100000.0,
        "average_rr": 0.06372549019607843,
        "win_rate": 50.98039215686274
    },
    "FILUSDT": {
        "total_trades": 124,
        "total_profit": -800000.0000000003,
        "average_rr": -0.1169354838709678,
        "win_rate": 43.54838709677419
    },
    "FISUSDT": {
        "total_trades": 35,
        "total_profit": 50000.0,
        "average_rr": 0.04285714285714286,
        "win_rate": 51.42857142857142
    },
    "GASUSDT": {
        "total_trades": 81,
        "total_profit": 449999.99999999953,
        "average_rr": 0.15432098765432087,
        "win_rate": 55.55555555555556
    },
    "HBARUSDT": {
        "total_trades": 129,
        "total_profit": 550000.0000000002,
        "average_rr": 0.1279069767441861,
        "win_rate": 54.263565891472865
    },
    "HIFIUSDT": {
        "total_trades": 79,
        "total_profit": -50000.0000000002,
        "average_rr": 0.02531645569620252,
        "win_rate": 49.36708860759494
    },
    "HYPEUSDT": {
        "total_trades": 56,
        "total_profit": -700000.0,
        "average_rr": -0.22321428571428573,
        "win_rate": 37.5
    },
    "IOTAUSDT": {
        "total_trades": 124,
        "total_profit": 300000.0,
        "average_rr": 0.09274193548387097,
        "win_rate": 52.41935483870967
    },
    "KAVAUSDT": {
        "total_trades": 130,
        "total_profit": 699999.9999999998,
        "average_rr": 0.14999999999999997,
        "win_rate": 55.38461538461539
    },
    "KERNELUSDT": {
        "total_trades": 21,
        "total_profit": -50000.0,
        "average_rr": -0.023809523809523808,
        "win_rate": 47.61904761904761
    },
    "KNCUSDT": {
        "total_trades": 128,
        "total_profit": -600000.0000000005,
        "average_rr": -0.07812500000000012,
        "win_rate": 45.3125
    },
    "LINKUSDT": {
        "total_trades": 166,
        "total_profit": 300000.0,
        "average_rr": 0.06626506024096386,
        "win_rate": 51.80722891566265
    },
    "LSKUSDT": {
        "total_trades": 100,
        "total_profit": 600000.0,
        "average_rr": 0.15999999999999995,
        "win_rate": 56.00000000000001
    },
    "LTCUSDT": {
        "total_trades": 119,
        "total_profit": -449999.99999999936,
        "average_rr": -0.050420168067226684,
        "win_rate": 46.21848739495798
    },
    "LUNAUSDT": {
        "total_trades": 150,
        "total_profit": -500000.0,
        "average_rr": -0.02666666666666667,
        "win_rate": 46.666666666666664
    },
    "MAGICUSDT": {
        "total_trades": 118,
        "total_profit": -500000.0,
        "average_rr": -0.05084745762711865,
        "win_rate": 45.76271186440678
    },
    "MANAUSDT": {
        "total_trades": 120,
        "total_profit": 500000.0000000006,
        "average_rr": 0.12500000000000014,
        "win_rate": 54.166666666666664
    },
    "MBOXUSDT": {
        "total_trades": 67,
        "total_profit": 150000.00000000032,
        "average_rr": 0.08955223880597024,
        "win_rate": 52.23880597014925
    },
    "MKRUSDT": {
        "total_trades": 117,
        "total_profit": 50000.0,
        "average_rr": 0.04700854700854701,
        "win_rate": 50.427350427350426
    },
    "NEARUSDT": {
        "total_trades": 124,
        "total_profit": -500000.0,
        "average_rr": -0.04838709677419355,
        "win_rate": 45.96774193548387
    },
    "NEOUSDT": {
        "total_trades": 136,
        "total_profit": 0.0,
        "average_rr": 0.04044117647058824,
        "win_rate": 50.0
    },
    "NILUSDT": {
        "total_trades": 15,
        "total_profit": 150000.0,
        "average_rr": 0.26666666666666666,
        "win_rate": 60.0
    },
    "NKNUSDT": {
        "total_trades": 125,
        "total_profit": 1449999.9999999998,
        "average_rr": 0.29199999999999987,
        "win_rate": 61.6
    },
    "NMRUSDT": {
        "total_trades": 28,
        "total_profit": 400000.0,
        "average_rr": 0.35714285714285715,
        "win_rate": 64.28571428571429
    },
    "OGNUSDT": {
        "total_trades": 99,
        "total_profit": 250000.0,
        "average_rr": 0.09090909090909091,
        "win_rate": 52.52525252525253
    },
    "ONDOUSDT": {
        "total_trades": 108,
        "total_profit": 700000.0,
        "average_rr": 0.18055555555555555,
        "win_rate": 56.481481481481474
    },
    "OPUSDT": {
        "total_trades": 153,
        "total_profit": -650000.0,
        "average_rr": -0.05228758169934641,
        "win_rate": 45.751633986928105
    },
    "ORCAUSDT": {
        "total_trades": 39,
        "total_profit": -150000.0,
        "average_rr": -0.05128205128205128,
        "win_rate": 46.15384615384615
    },
    "PENGUUSDT": {
        "total_trades": 67,
        "total_profit": 250000.00000000006,
        "average_rr": 0.11940298507462686,
        "win_rate": 53.73134328358209
    },
    "POWRUSDT": {
        "total_trades": 45,